Datetime,Water Level (m)
2025-04-26 06:00:00,1.2763249
2025-04-26 07:00:00,0.5731727
2025-04-26 08:00:00,-0.2860363
2025-04-26 09:00:00,-1.1740705
2025-04-26 10:00:00,-1.8493804
2025-04-26 11:00:00,-2.090322
2025-04-26 12:00:00,-1.6409767
2025-04-26 13:00:00,-0.6202517
2025-04-26 14:00:00,0.38387898
2025-04-26 15:00:00,1.2041202
2025-04-26 16:00:00,1.7460414
2025-04-26 17:00:00,1.7881081
2025-04-26 18:00:00,1.3435096
2025-04-26 19:00:00,0.5731429
2025-04-26 20:00:00,-0.34006825
2025-04-26 21:00:00,-1.2928344
2025-04-26 22:00:00,-2.03464
2025-04-26 23:00:00,-2.3806248
2025-04-27 00:00:00,-2.0307517
2025-04-27 01:00:00,-0.97292835
2025-04-27 02:00:00,0.14060545
2025-04-27 03:00:00,1.1028914
2025-04-27 04:00:00,1.8456013
2025-04-27 05:00:00,2.1276917
2025-04-27 06:00:00,1.8777382
2025-04-27 07:00:00,1.2280632
2025-04-27 08:00:00,0.3182364
2025-04-27 09:00:00,-0.690799
2025-04-27 10:00:00,-1.5837626
2025-04-27 11:00:00,-2.1880877
2025-04-27 12:00:00,-2.2267056
2025-04-27 13:00:00,-1.4494485
2025-04-27 14:00:00,-0.31200692
2025-04-27 15:00:00,0.6589275
2025-04-27 16:00:00,1.4388262
2025-04-27 17:00:00,1.8674444
2025-04-27 18:00:00,1.7098875
2025-04-27 19:00:00,1.0981867
2025-04-27 20:00:00,0.20233032
2025-04-27 21:00:00,-0.7697237
2025-04-27 22:00:00,-1.6674316
2025-04-27 23:00:00,-2.295046
2025-04-28 00:00:00,-2.418026
2025-04-28 01:00:00,-1.7051104
2025-04-28 02:00:00,-0.5176735
2025-04-28 03:00:00,0.54273283
2025-04-28 04:00:00,1.4635397
2025-04-28 05:00:00,2.108365
2025-04-28 06:00:00,2.2010148
2025-04-28 07:00:00,1.8097627
2025-04-28 08:00:00,1.027762
2025-04-28 09:00:00,0.047776386
2025-04-28 10:00:00,-0.9736794
2025-04-28 11:00:00,-1.8086301
2025-04-28 12:00:00,-2.255231
2025-04-28 13:00:00,-2.0435805
2025-04-28 14:00:00,-1.1051625
2025-04-28 15:00:00,-0.037927188
2025-04-28 16:00:00,0.86129445
2025-04-28 17:00:00,1.5293136
2025-04-28 18:00:00,1.785068
2025-04-28 19:00:00,1.4830931
2025-04-28 20:00:00,0.81770754
2025-04-28 21:00:00,-0.067856066
2025-04-28 22:00:00,-1.0188283
2025-04-28 23:00:00,-1.8548297
2025-04-29 00:00:00,-2.3799
2025-04-29 01:00:00,-2.314569
2025-04-29 02:00:00,-1.4159886
2025-04-29 03:00:00,-0.20868169
2025-04-29 04:00:00,0.8588837
2025-04-29 05:00:00,1.7499722
2025-04-29 06:00:00,2.2765188
2025-04-29 07:00:00,2.208194
2025-04-29 08:00:00,1.6685556
2025-04-29 09:00:00,0.78257525
2025-04-29 10:00:00,-0.23044917
2025-04-29 11:00:00,-1.2016909
2025-04-29 12:00:00,-1.9481343
2025-04-29 13:00:00,-2.265314
2025-04-29 14:00:00,-1.8433498
2025-04-29 15:00:00,-0.8138494
2025-04-29 16:00:00,0.16642231
2025-04-29 17:00:00,0.97615665
2025-04-29 18:00:00,1.551187
2025-04-29 19:00:00,1.6679237
2025-04-29 20:00:00,1.2594799
2025-04-29 21:00:00,0.50737685
2025-04-29 22:00:00,-0.37933922
2025-04-29 23:00:00,-1.2840596
2025-04-30 00:00:00,-1.979745
2025-04-30 01:00:00,-2.305659
2025-04-30 02:00:00,-1.978818
2025-04-30 03:00:00,-0.9745736
2025-04-30 04:00:00,0.11187907
2025-04-30 05:00:00,1.0770842
2025-04-30 06:00:00,1.8399801
2025-04-30 07:00:00,2.1573634
2025-04-30 08:00:00,1.9553592
2025-04-30 09:00:00,1.3675578
2025-04-30 10:00:00,0.5062288
2025-04-30 11:00:00,-0.46925253
2025-04-30 12:00:00,-1.3389275
2025-04-30 13:00:00,-1.9709382
2025-04-30 14:00:00,-2.125466
2025-04-30 15:00:00,-1.5601712
2025-04-30 16:00:00,-0.58957106
2025-04-30 17:00:00,0.2687893
2025-04-30 18:00:00,0.9808819
2025-04-30 19:00:00,1.4305925
2025-04-30 20:00:00,1.4164733
2025-04-30 21:00:00,0.97331154
2025-04-30 22:00:00,0.26841244
2025-04-30 23:00:00,-0.533616
2025-05-01 00:00:00,-1.337615
2025-05-01 01:00:00,-1.9006511
2025-05-01 02:00:00,-2.0553982
2025-05-01 03:00:00,-1.5979743
2025-05-01 04:00:00,-0.6401888
2025-05-01 05:00:00,0.3289128
2025-05-01 06:00:00,1.0882405
2025-05-01 07:00:00,1.683272
2025-05-01 08:00:00,1.8794575
2025-05-01 09:00:00,1.6214255
2025-05-01 10:00:00,1.0423864
2025-05-01 11:00:00,0.25027978
2025-05-01 12:00:00,-0.6260565
2025-05-01 13:00:00,-1.3753887
2025-05-01 14:00:00,-1.8627527
2025-05-01 15:00:00,-1.8878497
2025-05-01 16:00:00,-1.3215412
2025-05-01 17:00:00,-0.49931383
2025-05-01 18:00:00,0.22516745
2025-05-01 19:00:00,0.82456636
2025-05-01 20:00:00,1.1911224
2025-05-01 21:00:00,1.119533
2025-05-01 22:00:00,0.7043066
2025-05-01 23:00:00,0.11117187
2025-05-02 00:00:00,-0.5649877
2025-05-02 01:00:00,-1.225808
2025-05-02 02:00:00,-1.6715366
2025-05-02 03:00:00,-1.7405009
2025-05-02 04:00:00,-1.2719849
2025-05-02 05:00:00,-0.45571896
2025-05-02 06:00:00,0.3764627
